,ResidntCntry,AIPMean,HDI
19,Dominican Republic,4.533333333,0.722
50,Qatar,4.066666667,0.856
66,Uruguay,4,0.795
53,Saudi Arabia,3.933333333,0.847
20,Ecuador,3.755555556,0.739
67,Venezuela,3.733333333,0.767
25,Greece,3.693333333,0.866
34,Kenya,3.666666667,0.555
61,Thailand,3.666666667,0.74
59,Sweden,3.607407407,0.913
62,Turkey,3.575,0.767
40,Myanmar,3.533333333,0.556
43,Nicaragua,3.533333333,0.645
22,France,3.525,0.897
55,Slovenia,3.422222222,0.89
